{"wmo": ["724699"], "zipcode": "80302", "year": "1970", "KWH": 6943.521152991791, "THERMS": 803.2076362213427, "JOULES": 0, "THERMS_JOULES": 803.2076362213427}
