{"year_1900": {"KWH": 1911699.1618312632, "THERMS": 183663.5251691209, "JOULES": 1387902142192.2148, "total_consumption_KWH": 7678587.496892896, "total_consumption_KWH_check": 7678587.496892892, "gas": 0.05020828132906887, "heat": 0.700826767421131, "electricity": 0.2489649512498001}, "year_1910": {"KWH": 1913841.9732968118, "THERMS": 186429.31236643618, "JOULES": 1033661592473.0729, "total_consumption_KWH": 7663367.918398619, "total_consumption_KWH_check": 7663367.918398614, "gas": 0.03746765820085869, "heat": 0.7127933244798814, "electricity": 0.24973901731925985}, "year_1920": {"KWH": 1917681.173876629, "THERMS": 184098.41791222995, "JOULES": 1241293770625.2988, "total_consumption_KWH": 7656587.329563516, "total_consumption_KWH_check": 7656587.3295635125, "gas": 0.04503365352934737, "heat": 0.7045047385331183, "electricity": 0.25046160793753425}, "year_1930": {"KWH": 1913518.6175389113, "THERMS": 185253.21896073717, "JOULES": 1190146054981.8086, "total_consumption_KWH": 7672052.849271149, "total_consumption_KWH_check": 7672052.849271143, "gas": 0.04309099498606087, "heat": 0.7074948449276073, "electricity": 0.24941416008633185}, "year_1940": {"KWH": 1911252.7867471485, "THERMS": 186560.47957696888, "JOULES": 1110261703069.177, "total_consumption_KWH": 7685899.769755449, "total_consumption_KWH_check": 7685899.7697554445, "gas": 0.04012624215693655, "heat": 0.7112037460029322, "electricity": 0.24867001184013127}, "year_1950": {"KWH": 2029792.6141630926, "THERMS": 161731.17427269559, "JOULES": 2365080426136.488, "total_consumption_KWH": 7425499.504081842, "total_consumption_KWH_check": 7425499.504081842, "gas": 0.08847449390444406, "heat": 0.6381711528904547, "electricity": 0.2733543532051013}, "year_1960": {"KWH": 1999085.89936859, "THERMS": 145366.30784878292, "JOULES": 1906772676727.193, "total_consumption_KWH": 6787992.75656464, "total_consumption_KWH_check": 6787992.75656464, "gas": 0.07802888417694533, "heat": 0.627467870009293, "electricity": 0.2945032458137617}, "year_1970": {"KWH": 2653776.6896243775, "THERMS": 125505.79246163408, "JOULES": 1747760792337.4812, "total_consumption_KWH": 6816598.456703433, "total_consumption_KWH_check": 6816598.4567034235, "gas": 0.0712216658290165, "heat": 0.539467344755924, "electricity": 0.38931098941505954}, "year_1980": {"KWH": 1955732.4426725993, "THERMS": 121202.34916851547, "JOULES": 1872143633481.1436, "total_consumption_KWH": 6027013.707766147, "total_consumption_KWH_check": 6027013.707766145, "gas": 0.08628490649540485, "heat": 0.5892206527249885, "electricity": 0.32449444077960676}, "year_1990": {"KWH": 1943924.7798750242, "THERMS": 106264.50654213151, "JOULES": 701411658494.0758, "total_consumption_KWH": 5252322.175683301, "total_consumption_KWH_check": 5252322.175683299, "gas": 0.03709534966746783, "heat": 0.5927969694147808, "electricity": 0.37010768091775137}, "year_2000": {"KWH": 1901844.803990147, "THERMS": 116391.23644954682, "JOULES": 1248636867544.0825, "total_consumption_KWH": 5658963.522878176, "total_consumption_KWH_check": 5658963.522878175, "gas": 0.06129105628450027, "heat": 0.6026324172806977, "electricity": 0.336076526434802}, "year_2010": {"KWH": 2494562.713223311, "THERMS": 145526.07754634463, "JOULES": 560503630931.7781, "total_consumption_KWH": 6914186.915531931, "total_consumption_KWH_check": 6914186.9155319305, "gas": 0.022518277202372868, "heat": 0.6166927039732212, "electricity": 0.36078901882440595}}